format,operation,python_test,fixture,csharp_test_or_MISSING,priority,fixture_status,capability
shared,add_item_clone_catalog,test_xray_items.py::test_catalog_item_add_and_delete_are_round_trip_verified,writer-add,XRayAddWriterTests.Add_write_matches_python_bytes_and_resets_cloned_state,P1,exists_in_csharp,add_items
shared,add_item_directly_to_stash,D14 C# synthetic contract,xray-stashes,StalkerSaveEditor.Core.Tests.Formats.XRay.XRayStashTests.Adding_an_item_directly_to_a_box_uses_the_box_as_parent,P1,exists_in_csharp,add_items
shared,add_item_reset_slot_to_ruck,test_xray_items.py::test_added_clone_never_keeps_the_templates_worn_slot,writer-add,XRayAddWriterTests.Equipped_call_of_pripyat_template_does_not_transfer_its_slot_or_upgrades,P1,exists_in_csharp,add_items
shared,capability_faction_maturity_snapshot,test_registered_formats_expose_release_and_capability_metadata,writer-factions/xray-faction-vectors.json,XRayFactionWriterTests.Faction_capabilities_match_the_python_golden_snapshot,P3,exists_in_csharp,capability_registry
shared,capability_maturity_reporting,test_capabilities.py::test_capabilities_are_immutable_and_default_to_read_only,registry,XRayMoneyWriterTests.Capability_maturities_match_the_python_registry,P3,exists_in_csharp,capability_registry
shared,capability_reject_unknown_name,test_capabilities.py::test_mutation_support_is_immutable_and_rejects_unknown_fields,registry,XRayMoneyWriterTests.Rejects_an_unknown_capability_name,P3,exists_in_csharp,capability_registry
shared,catalog_exact_lookup,test_catalog.py::test_item_definition_and_catalog_are_immutable_and_resolvable,catalog_bundle.json,CatalogBundleReaderTests.Catalog_lookup_is_exact_and_ambiguous_display_names_stay_unresolved,P3,exists_in_csharp,catalog
shared,codec_lzo1x_boundary_literals,test_xray_container.py::test_lzo1x_round_trip,lzo1x-literal-short-boundary.raw,CodecFixtureTests.Lzo1x_compressor_matches_python_literal_vectors_at_length_boundaries,P3,exists_in_csharp,codec
shared,codec_lzo1x_extended_m4,test_xray_container.py::test_lzo_extended_m4_length_reads_length_bytes_before_offset,lzo1x-extended-m4.raw,CodecFixtureTests.Lzo1x_decodes_python_extended_m4_match_vector,P3,exists_in_csharp,codec
shared,codec_lzo1x_reject_invalid_size,test_xray_container.py::test_lzo1x_rejects_wrong_output_size,corrupted-payload,CodecFixtureTests.Lzo1x_rejects_invalid_unpacked_sizes,P3,exists_in_csharp,codec
shared,container_owned_copy,test_xray_container.py::test_xray_container_build_without_edits_is_byte_identical,xray-call-of-pripyat.sav,XRayContainerTests.Keeps_an_owned_copy_of_the_original_container,P3,exists_in_csharp,container
shared,container_reject_malformed_header,test_xray_container.py::test_xray_container_rejects_malformed_input,corrupted-header,XRayContainerTests.Rejects_invalid_header_and_compressed_payload,P3,exists_in_csharp,container
shared,container_reject_truncated_chunks,test_xray_container.py::test_xray_container_rejects_truncated_chunk,truncated-chunk,XRayContainerTests.Rejects_empty_and_truncated_chunk_tables,P3,exists_in_csharp,container
shared,delete_item_block_dependents,test_xray_delete.py::test_delete_analysis_blocks_objects_with_registry_dependents,writer-delete/xray-delete-dependent-source.sav,XRayDeleteWriterTests.Rejects_an_item_with_registry_children,P3,exists_in_csharp,remove_items
shared,delete_item_block_equipped,test_xray_delete.py::test_delete_analysis_blocks_an_equipped_object_before_registry_write,writer-delete/xray-delete-equipped-source.sav,XRayDeleteWriterTests.Rejects_a_known_equipped_item,P3,exists_in_csharp,remove_items
shared,load_embedded_catalog_bundle,test_catalog_bundle.py::test_generated_catalog_loader_preserves_item_faction_and_upgrade_metadata,catalog_bundle.json,CatalogBundleReaderTests.Embedded_bundle_loads_all_python_generated_release_metadata,P3,exists_in_csharp,catalog
shared,money_writer_rejects_stack_edits,test_xray_save.py::test_xray_prepare_edits_money_and_ammo_in_both_serialized_states,writer-money/xray-money-soc-source.sav,XRayStackWriterTests.Money_writer_rejects_stack_edits_in_a_money_only_plan,P3,exists_in_csharp,edit_money
shared,read_xray_inventory_boxes,test_xray_items.py::test_items_in_a_level_stash_move_to_the_backpack_with_their_state,xray-stashes,StalkerSaveEditor.Core.Tests.Formats.XRay.XRayStashTests.Reads_stashes_and_box_contents_from_python_synthetic_vectors,P1,exists_in_csharp,read_inventory
shared,reject_cross_detection_ee_as_original,test_xray_save.py::test_xray_specs_are_separate_and_outer_versions_do_not_cross_detect,xray-soc-ee.sav,XRayTrilogyReaderTests.Does_not_misidentify_enhanced_editions_as_original_games,P3,exists_in_csharp,format_detection
shared,reject_cross_detection_original_as_ee,test_xray_save.py::test_xray_specs_are_separate_and_outer_versions_do_not_cross_detect,xray-soc.sav,XRayEnhancedReaderTests.Rejects_original_trilogy_saves,P3,exists_in_csharp,format_detection
shared,reject_foreign_faction_upgrade_release,test_catalog_bundle.py::test_game_catalog_keeps_item_and_faction_release_ids_aligned,catalog_bundle.json,CatalogBundleReaderTests.Rejects_foreign_faction_and_upgrade_release_ids,P3,exists_in_csharp,catalog
shared,reject_malformed_catalog_bundle,test_catalog_bundle.py::test_game_catalog_keeps_item_and_faction_release_ids_aligned,malformed-bundle.json,CatalogBundleReaderTests.Rejects_unsupported_or_malformed_bundle_payloads,P3,exists_in_csharp,catalog
shared,reject_truncated_object_registry,test_xray_save.py::test_xray_metadata_probe_rejects_truncated_object_registry,truncated-registry,XRayTrilogyReaderTests.Rejects_empty_or_truncated_object_registry,P3,exists_in_csharp,read_inventory
shared,reject_unsupported_or_garbage_bytes,test_formats.py::test_registry_returns_none_for_unknown_bytes,garbage-bytes,XRayTrilogyReaderTests.Rejects_invalid_or_unsupported_input,P3,exists_in_csharp,format_detection
shared,resolve_release_scoped_translations,test_s2_items.py::test_official_names_follow_interface_language,s2_items.json,OfficialNamesCatalogTests.Resolves_release_scoped_translations_and_language_fallbacks,P3,exists_in_csharp,catalog
shared,save_locations_windows_steam_and_proton,test_platform_save_locations.py::test_fsgame_ltx_override_is_used_for_installed_xray_game,synthetic-steam-tree,SaveDirectoryLocatorTests.Finds_windows_game_save_paths_from_steam_manifests_and_fsgame_override_and_Finds_proton_save_paths_in_a_secondary_library_even_without_a_game_manifest,P3,exists_in_csharp,save_discovery
shared,save_slots_discovery_and_sort,test_save_slots.py::test_discover_save_slots_sorts_newest_first_and_marks_unknown,temporary-saves-dir,SaveSlotDiscoveryTests.Sorts_slots_newest_first_and_marks_unrecognized_files_without_guessing_from_folder,P3,exists_in_csharp,save_discovery
shared,save_slots_supported_suffixes,test_save_slots.py::test_discover_save_slots_includes_supported_foreign_suffixes,temporary-saves-dir,SaveSlotDiscoveryTests.Includes_supported_foreign_extensions_but_excludes_sidecars_and_stalker2_metadata,P3,exists_in_csharp,save_discovery
shared,stack_capability_maturity_reporting,test_capabilities.py::test_registered_formats_expose_release_and_capability_metadata,registry,XRayStackWriterTests.Stack_capability_maturities_match_the_python_registry,P3,exists_in_csharp,edit_stacks
shared,stack_writer_rejects_money_edits,test_xray_save.py::test_xray_prepare_edits_money_and_ammo_in_both_serialized_states,writer-stacks/xray-stack-soc-source.sav,XRayStackWriterTests.Rejects_money_in_a_stack_only_writer_plan,P3,exists_in_csharp,edit_stacks
shared,steam_assembly_contract,test_steam_backend.py::test_native_worker_is_started_and_returned,assembly,SteamAssemblyTests.Steam_project_has_the_expected_assembly_name,P3,exists_in_csharp,steam_native
shared,steam_autocloud_discovery,test_steam_autocloud.py::test_local_root_is_found_in_the_proton_prefix,proton-prefix,SteamLibraryLocatorTests.Linux_prefers_the_Steam_runtime_library,P3,exists_in_csharp,steam_cloud_read
shared,steam_cloud_atomic_write_transaction,test_cloud_transaction.py::test_verified_upload_creates_backup_and_recovery_and_uses_exact_source_locator,cloud-transaction/cloud-transaction.json,SteamCloudWriteTransactionTests.Verified_write_matches_python_oracle_and_keeps_backup_and_recovery,P3,exists_in_csharp,steam_cloud_write
shared,steam_cloud_file_list,test_steam_native_subprocess.py::test_native_list_decodes_child_file_records,remote-storage,SteamReadOnlyClientTests.List_uses_the_selected_app_and_timeout,P3,exists_in_csharp,steam_cloud_read
shared,steam_cloud_file_read,test_steam_native_subprocess.py::test_native_read_and_write_use_isolated_payload_files,remote-storage,SteamReadOnlyClientTests.Read_returns_the_selected_cloud_bytes,P3,exists_in_csharp,steam_cloud_read
shared,steam_cloud_handle_uncertain_failure,test_cloud_transaction.py::test_write_failure_is_uncertain_and_does_not_retry,cloud-transaction/cloud-transaction.json,SteamCloudWriteTransactionTests.Uncertain_write_is_reported_without_retry_or_follow_up_sync,P3,exists_in_csharp,steam_cloud_write
shared,steam_cloud_reject_stale_source,test_cloud_transaction.py::test_stale_source_aborts_before_write,cloud-transaction/cloud-transaction.json,SteamCloudWriteTransactionTests.Stale_source_aborts_before_creating_artifacts_or_writing,P3,exists_in_csharp,steam_cloud_write
shared,steam_vdf_parser,test_steam_vdf.py::test_parse_vdf_preserves_windows_paths_and_nested_library_entries,steam-vdf/libraryfolders.json,SteamVdfParserTests.Parses_nested_libraryfolders_and_windows_paths_like_the_python_oracle; SteamVdfParserTests.Rejects_an_unterminated_vdf_string_like_the_python_oracle,P3,exists_in_csharp,steam_library
shared,steam_worker_timeout_kill,test_steam_native_subprocess.py::test_close_kills_an_active_native_child,remote-storage,SteamWorkerProcessRunnerTests.Timeout_kills_the_child_process_tree,P3,exists_in_csharp,steam_native
shared,steam_write_rejected_in_readonly,test_cloud_transaction.py::test_read_only_or_unadvertised_transport_is_rejected_before_any_io,remote-storage,SteamNativeWorkerHostTests.Worker_rejects_write_operations_without_creating_native_storage,P3,exists_in_csharp,steam_cloud_write
shared,storage_atomic_export_with_journal,test_storage.py::test_export_local_creates_unique_backup_journal_and_unicode_output,writer-stacks/xray-stack-cop-source.sav,LocalSaveStorageTests.Export_creates_a_verified_external_backup_and_keeps_the_source_unchanged,P3,exists_in_csharp,storage
shared,storage_atomic_replace_with_backup,test_storage.py::test_replace_local_writes_source_only_after_backup_and_readback,writer-stacks/xray-stack-cop-source.sav,LocalSaveReplacementTests.Stores_backup_recovery_and_journal_outside_the_save_directory,P3,exists_in_csharp,storage
shared,storage_list_and_verify_backups,test_restore.py::test_list_backups_distinguishes_verified_missing_and_corrupt,writer-stacks/xray-stack-cop-source.sav,LocalSaveStorageTests.Lists_verified_missing_corrupt_malformed_and_orphaned_backups,P3,exists_in_csharp,storage
shared,storage_pre_write_sha_verification,test_storage.py::test_replace_local_rechecks_source_before_atomic_replace,writer-stacks/xray-stack-cop-source.sav,LocalSaveReplacementTests.Stale_source_is_rejected_before_creating_artifacts,P3,exists_in_csharp,storage
shared,storage_restore_backup_byte_exact,test_restore.py::test_restore_backup_is_byte_exact_and_does_not_change_backup,writer-stacks/xray-stack-cop-source.sav,LocalSaveStorageTests.Restore_copy_is_byte_exact_and_never_overwrites_an_existing_destination,P3,exists_in_csharp,storage
shared,storage_restore_in_place,test_storage.py::test_restore_in_place_replaces_slot_and_preserves_safety_backup,writer-stacks/xray-stack-cop-source.sav,LocalSaveStorageTests.Restore_in_place_keeps_a_verified_safety_backup_and_restores_original_bytes,P3,exists_in_csharp,storage
shared,transfer_backpack_item_to_stash,D14 C# synthetic contract,xray-stashes,StalkerSaveEditor.Core.Tests.Formats.XRay.XRayStashTests.Putting_a_backpack_item_in_a_box_changes_only_its_parent,P1,exists_in_csharp,move_items
shared,transfer_stash_item_to_backpack,test_xray_items.py::test_items_in_a_level_stash_move_to_the_backpack_with_their_state,xray-stashes,StalkerSaveEditor.Core.Tests.Formats.XRay.XRayStashTests.Taking_a_stash_item_matches_python_packed_and_unpacked_bytes,P1,exists_in_csharp,move_items
shared,write_ammo_stack_reject_missing_handle,test_xray_save.py::test_xray_edits_reject_structural_operations_and_oversized_ammo,writer-stacks/xray-stack-soc-source.sav,XRayStackWriterTests.Rejects_a_stack_handle_that_does_not_exist,P3,exists_in_csharp,edit_stacks
shared,write_ammo_stack_reject_non_ammo,test_xray_items.py::test_non_stack_item_remains_read_only_for_count_edits,writer-stacks/xray-stack-unknown-kind-source.sav,XRayStackWriterTests.Rejects_a_read_only_non_ammo_inventory_kind,P3,exists_in_csharp,edit_stacks
shared,write_ammo_stack_reject_out_of_bounds,test_xray_save.py::test_xray_edits_reject_structural_operations_and_oversized_ammo,writer-stacks/xray-stack-soc-source.sav,XRayStackWriterTests.Rejects_counts_outside_the_python_ammo_stack_range,P3,exists_in_csharp,edit_stacks
shared,write_ammo_stack_reject_stale_sha,test_xray_save.py::test_xray_prepare_edits_money_and_ammo_in_both_serialized_states,writer-stacks/xray-stack-soc-source.sav,XRayStackWriterTests.Rejects_a_source_whose_sha_does_not_match_the_edit_plan,P3,exists_in_csharp,edit_stacks
shared,write_durability_reject_invalid_value,test_xray_durability.py::test_xray_durability_rejects_unknown_item_and_invalid_values,writer-durability,StalkerSaveEditor.Core.Tests.Editing.XRayDurabilityWriterTests.Rejects_non_finite_and_out_of_range_conditions_before_writing,P2,exists_in_csharp,edit_durability
shared,write_durability_reject_unknown_handle,test_xray_durability.py::test_xray_durability_rejects_unknown_item_and_invalid_values,writer-durability,StalkerSaveEditor.Core.Tests.Editing.XRayDurabilityWriterTests.Rejects_unknown_item_handle,P2,exists_in_csharp,edit_durability
shared,write_money_reject_foreign_s2_container,test_formats.py::test_by_id_rejects_unknown_format,synthetic-s2.sav,XRayMoneyWriterTests.Rejects_a_foreign_s2_container,P3,exists_in_csharp,edit_money
shared,write_money_reject_out_of_bounds,test_xray_save.py::test_xray_edits_reject_structural_operations_and_oversized_ammo,writer-money/xray-money-soc-source.sav,XRayMoneyWriterTests.Rejects_money_above_the_python_writer_limit,P3,exists_in_csharp,edit_money
shared,write_money_reject_stale_sha,test_xray_save.py::test_xray_prepare_edits_money_and_ammo_in_both_serialized_states,writer-money/xray-money-soc-source.sav,XRayMoneyWriterTests.Rejects_a_source_whose_sha_does_not_match_the_edit_plan,P3,exists_in_csharp,edit_money
shared,write_upgrades_reject_foreign_keys,test_xray_upgrades.py::test_xray_upgrade_writer_rejects_new_unknown_and_foreign_catalog_keys,synthetic-upgrades,XRayUpgradeWriterTests.Rejects_unknown_and_item_foreign_upgrade_keys,P2,exists_in_csharp,edit_upgrades
stalker-cop,codec_lzo1x_round_trip,test_xray_container.py::test_lzo1x_round_trip,xray-call-of-pripyat.sav,CodecFixtureTests.Lzo1x_matches_python_bytes_for_every_xray_fixture,P3,exists_in_csharp,codec
stalker-cop,container_parse_chunks,test_xray_container.py::test_xray_container_build_without_edits_is_byte_identical,xray-call-of-pripyat.sav,XRayContainerTests.Parses_python_xray_fixtures_and_matches_oracle_json,P3,exists_in_csharp,container
stalker-cop,delete_item,test_xray_delete.py::test_delete_analysis_allows_a_leaf_inventory_object,writer-delete/xray-delete-cop-source.sav,XRayDeleteWriterTests.Delete_write_matches_python_container_and_unpacked_bytes,P3,exists_in_csharp,remove_items
stalker-cop,detect_format,test_formats.py::test_registry_detects_each_original_xray_family,xray-call-of-pripyat.sav,XRayTrilogyReaderTests.Reads_actor_and_inventory_with_python_golden_parity,P3,exists_in_csharp,format_detection
stalker-cop,read_actor_money_and_inventory,test_xray_save.py::test_xray_parser_reads_actor_money_and_confirmed_ammo_stack,xray-call-of-pripyat.sav,XRayTrilogyReaderTests.Reads_actor_and_inventory_with_python_golden_parity,P3,exists_in_csharp,read_inventory
stalker-cop,read_faction_relations,test_xray_relations.py::test_relation_parser_stops_at_second_map_and_preserves_tail,writer-factions/cop-source.sav,XRayFactionWriterTests.Reads_player_community_and_actor_goodwill_from_registry,P3,exists_in_csharp,read_inventory
stalker-cop,read_item_durability,test_xray_durability.py::test_xray_reads_condition_for_original_release_targets,writer-durability,StalkerSaveEditor.Core.Tests.Formats.XRay.XRayDurabilityTests.Reads_python_durability_vectors,P2,exists_in_csharp,equipment.durability
stalker-cop,read_item_placement,test_xray_placement.py::test_xray_reads_release_specific_inventory_place,writer-placement,XRayPlacementTests.Reader_matches_python_placement_vectors,P2,exists_in_csharp,equipment.placement
stalker-cop,read_item_upgrades,test_xray_upgrades.py::test_xray_reads_equipment_upgrade_vector_and_exposes_editable_item,synthetic-cop-upgrades,XRayUpgradeWriterTests.Reads_upgrade_vectors_for_clear_sky_and_call_of_pripyat,P2,exists_in_csharp,equipment.upgrades
stalker-cop,read_level_changers,test_xray_level_changer.py::test_level_changer_version_53_reads_yaw_as_the_direction_y_component,synthetic-level-changer-cop.bin,StalkerSaveEditor.Core.Tests.Formats.XRay.XRayLevelChangerReaderTests.Reads_python_level_changer_vectors,P3,exists_in_csharp,read_inventory
stalker-cop,read_player_faction,test_xray_player_faction.py::test_xray_reads_player_community_from_actor_state,writer-factions/cop-source.sav,XRayFactionWriterTests.Reads_player_community_and_actor_goodwill_from_registry,P3,exists_in_csharp,read_inventory
stalker-cop,read_unknown_item_read_only,test_xray_save.py::test_xray_parser_reads_actor_money_and_confirmed_ammo_stack,xray-call-of-pripyat-base-item.sav,XRayTrilogyReaderTests.Reads_unknown_actor_owned_item_as_read_only_without_inventing_a_count,P3,exists_in_csharp,read_inventory
stalker-cop,write_ammo_stack,test_xray_save.py::test_xray_prepare_edits_money_and_ammo_in_both_serialized_states,writer-stacks/xray-stack-cop-source.sav,XRayStackWriterTests.Stack_write_matches_python_container_and_unpacked_bytes,P3,exists_in_csharp,edit_stacks
stalker-cop,write_faction_relations,test_xray_relations.py::test_xray_relation_edit_patches_actor_row_only,writer-factions/cop-relations.sav,XRayFactionWriterTests.Faction_relation_write_matches_python_bytes,P3,exists_in_csharp,edit_relations
stalker-cop,write_item_durability,test_xray_durability.py::test_xray_prepare_patches_state_and_matching_update_condition,writer-durability,StalkerSaveEditor.Core.Tests.Editing.XRayDurabilityWriterTests.Durability_write_matches_python_container_and_unpacked_bytes,P2,exists_in_csharp,edit_durability
stalker-cop,write_item_placement,test_xray_placement.py::test_xray_prepare_moves_item_to_equipment_slot,writer-placement,XRayPlacementTests.Writer_matches_python_container_and_raw_bytes,P2,exists_in_csharp,edit_placement
stalker-cop,write_item_upgrades,test_xray_upgrades.py::test_xray_upgrade_writer_supports_add_remove_clear_and_preserves_state_tail,synthetic-cop-upgrades,XRayUpgradeWriterTests.Upgrade_write_matches_python_container_and_unpacked_bytes,P2,exists_in_csharp,edit_upgrades
stalker-cop,write_money,test_xray_save.py::test_xray_prepare_edits_money_and_ammo_in_both_serialized_states,writer-money/xray-money-cop-source.sav,XRayMoneyWriterTests.Money_write_matches_python_container_and_unpacked_bytes,P3,exists_in_csharp,edit_money
stalker-cop,write_player_faction,test_xray_player_faction.py::test_xray_player_faction_writer_patches_only_signed_community_field,writer-factions/cop-player-faction.sav,XRayFactionWriterTests.Player_faction_write_matches_python_bytes,P3,exists_in_csharp,edit_player_faction
stalker-cop-ee,codec_lzo1x_round_trip,test_xray_container.py::test_lzo1x_round_trip,xray-call-of-pripyat-ee.sav,CodecFixtureTests.Lzo1x_matches_python_bytes_for_every_xray_fixture,P3,exists_in_csharp,codec
stalker-cop-ee,container_parse_chunks,test_xray_container.py::test_xray_container_build_without_edits_is_byte_identical,xray-call-of-pripyat-ee.sav,XRayContainerTests.Parses_python_xray_fixtures_and_matches_oracle_json,P3,exists_in_csharp,container
stalker-cop-ee,delete_item,test_xray_delete.py::test_delete_analysis_allows_a_leaf_inventory_object,writer-delete/xray-delete-cop-ee-source.sav,XRayDeleteWriterTests.Delete_write_matches_python_container_and_unpacked_bytes,P3,exists_in_csharp,remove_items
stalker-cop-ee,detect_format,test_xray_save.py::test_enhanced_edition_saves_are_detected_by_content_and_edit_as_experimental,xray-call-of-pripyat-ee.sav,XRayEnhancedReaderTests.Classifies_each_enhanced_game_and_matches_python_golden,P3,exists_in_csharp,format_detection
stalker-cop-ee,distinguish_cs_ee_from_cop_ee_markers,test_xray_save.py::test_clear_sky_ee_and_call_of_pripyat_ee_are_told_apart_by_level_names,xray-call-of-pripyat-ee.sav,XRayEnhancedReaderTests.Rejects_clear_sky_enhanced_object_chunk_without_either_level_marker,P3,exists_in_csharp,format_detection
stalker-cop-ee,read_actor_money_and_inventory,test_xray_save.py::test_enhanced_edition_saves_are_detected_by_content_and_edit_as_experimental,xray-call-of-pripyat-ee.sav,XRayEnhancedReaderTests.Classifies_each_enhanced_game_and_matches_python_golden,P3,exists_in_csharp,read_inventory
stalker-cop-ee,read_faction_relations,test_xray_relations.py::test_relation_parser_stops_at_second_map_and_preserves_tail,writer-factions/cop-ee-source.sav,XRayFactionWriterTests.Reads_player_community_and_actor_goodwill_from_registry,P3,exists_in_csharp,read_inventory
stalker-cop-ee,read_item_durability,test_xray_reads_condition_for_original_release_targets,writer-durability,StalkerSaveEditor.Core.Tests.Formats.XRay.XRayDurabilityTests.Reads_python_durability_vectors,P2,exists_in_csharp,equipment.durability
stalker-cop-ee,read_item_placement,test_xray_placement.py::test_xray_reads_release_specific_inventory_place,writer-placement,XRayPlacementTests.Reader_matches_python_placement_vectors,P2,exists_in_csharp,equipment.placement
stalker-cop-ee,read_item_upgrades,test_xray_upgrades.py::test_xray_reads_equipment_upgrade_vector_and_exposes_editable_item,synthetic-cop-ee-upgrades,XRayUpgradeWriterTests.Reads_upgrade_vectors_for_clear_sky_and_call_of_pripyat,P2,exists_in_csharp,equipment.upgrades
stalker-cop-ee,read_player_faction,test_xray_player_faction.py::test_xray_reads_player_community_from_actor_state,writer-factions/cop-ee-source.sav,XRayFactionWriterTests.Reads_player_community_and_actor_goodwill_from_registry,P3,exists_in_csharp,read_inventory
stalker-cop-ee,write_ammo_stack,test_xray_save.py::test_enhanced_edition_saves_are_detected_by_content_and_edit_as_experimental,writer-stacks/xray-stack-cop-ee-source.sav,XRayStackWriterTests.Stack_write_matches_python_container_and_unpacked_bytes,P3,exists_in_csharp,edit_stacks
stalker-cop-ee,write_faction_relations,test_xray_relations.py::test_xray_relation_edit_patches_actor_row_only,writer-factions/cop-ee-source.sav,XRayFactionWriterTests.Refuses_unknown_faction_keys_and_enhanced_writer_capabilities,P3,unsupported_by_python_registry,edit_relations
stalker-cop-ee,write_item_durability,test_xray_prepare_patches_state_and_matching_update_condition,writer-durability,StalkerSaveEditor.Core.Tests.Editing.XRayDurabilityWriterTests.Durability_write_matches_python_container_and_unpacked_bytes,P2,exists_in_csharp,edit_durability
stalker-cop-ee,write_item_placement,test_xray_placement.py::test_xray_prepare_moves_item_to_equipment_slot,writer-placement,XRayPlacementTests.Writer_rejects_unsupported_enhanced_placement,P2,exists_in_csharp,edit_placement
stalker-cop-ee,write_item_upgrades,test_xray_upgrades.py::test_xray_upgrade_writer_supports_add_remove_clear_and_preserves_state_tail,synthetic-cop-ee-upgrades,XRayUpgradeWriterTests.Upgrade_write_matches_python_container_and_unpacked_bytes,P2,exists_in_csharp,edit_upgrades
stalker-cop-ee,write_money,test_xray_save.py::test_enhanced_edition_saves_are_detected_by_content_and_edit_as_experimental,writer-money/xray-money-cop-ee-source.sav,XRayMoneyWriterTests.Money_write_matches_python_container_and_unpacked_bytes,P3,exists_in_csharp,edit_money
stalker-cs,codec_lzo1x_round_trip,test_xray_container.py::test_lzo1x_round_trip,xray-clear-sky.sav,CodecFixtureTests.Lzo1x_matches_python_bytes_for_every_xray_fixture,P3,exists_in_csharp,codec
stalker-cs,container_parse_chunks,test_xray_container.py::test_xray_container_build_without_edits_is_byte_identical,xray-clear-sky.sav,XRayContainerTests.Parses_python_xray_fixtures_and_matches_oracle_json,P3,exists_in_csharp,container
stalker-cs,delete_item,test_xray_delete.py::test_delete_analysis_allows_a_leaf_inventory_object,writer-delete/xray-delete-cs-source.sav,XRayDeleteWriterTests.Delete_write_matches_python_container_and_unpacked_bytes,P3,exists_in_csharp,remove_items
stalker-cs,detect_format,test_formats.py::test_registry_detects_each_original_xray_family,xray-clear-sky.sav,XRayTrilogyReaderTests.Reads_actor_and_inventory_with_python_golden_parity,P3,exists_in_csharp,format_detection
stalker-cs,read_actor_money_and_inventory,test_xray_save.py::test_xray_parser_reads_actor_money_and_confirmed_ammo_stack,xray-clear-sky.sav,XRayTrilogyReaderTests.Reads_actor_and_inventory_with_python_golden_parity,P3,exists_in_csharp,read_inventory
stalker-cs,read_faction_relations,test_xray_relations.py::test_relation_parser_stops_at_second_map_and_preserves_tail,writer-factions/cs-source.sav,XRayFactionWriterTests.Reads_player_community_and_actor_goodwill_from_registry,P3,exists_in_csharp,read_inventory
stalker-cs,read_item_durability,test_xray_reads_condition_for_original_release_targets,writer-durability,StalkerSaveEditor.Core.Tests.Formats.XRay.XRayDurabilityTests.Reads_python_durability_vectors,P2,exists_in_csharp,equipment.durability
stalker-cs,read_item_placement,test_xray_placement.py::test_xray_reads_release_specific_inventory_place,writer-placement,XRayPlacementTests.Reader_matches_python_placement_vectors,P2,exists_in_csharp,equipment.placement
stalker-cs,read_item_upgrades,test_xray_upgrades.py::test_xray_reads_equipment_upgrade_vector_and_exposes_editable_item,synthetic-cs-upgrades,XRayUpgradeWriterTests.Reads_upgrade_vectors_for_clear_sky_and_call_of_pripyat,P2,exists_in_csharp,equipment.upgrades
stalker-cs,read_level_changers,test_xray_level_changer.py::test_level_changer_version_53_reads_yaw_as_the_direction_y_component,synthetic-level-changer-cs.bin,StalkerSaveEditor.Core.Tests.Formats.XRay.XRayLevelChangerReaderTests.Reads_python_level_changer_vectors,P3,exists_in_csharp,read_inventory
stalker-cs,read_player_faction,test_xray_player_faction.py::test_xray_reads_player_community_from_actor_state,writer-factions/cs-source.sav,XRayFactionWriterTests.Reads_player_community_and_actor_goodwill_from_registry,P3,exists_in_csharp,read_inventory
stalker-cs,write_ammo_stack,test_xray_save.py::test_xray_prepare_edits_money_and_ammo_in_both_serialized_states,writer-stacks/xray-stack-cs-source.sav,XRayStackWriterTests.Stack_write_matches_python_container_and_unpacked_bytes,P3,exists_in_csharp,edit_stacks
stalker-cs,write_faction_relations,test_xray_relations.py::test_xray_relation_edit_patches_actor_row_only,writer-factions/cs-relations.sav,XRayFactionWriterTests.Faction_relation_write_matches_python_bytes,P3,exists_in_csharp,edit_relations
stalker-cs,write_item_durability,test_xray_prepare_patches_state_and_matching_update_condition,writer-durability,StalkerSaveEditor.Core.Tests.Editing.XRayDurabilityWriterTests.Durability_write_matches_python_container_and_unpacked_bytes,P2,exists_in_csharp,edit_durability
stalker-cs,write_item_placement,test_xray_placement.py::test_xray_prepare_moves_item_to_equipment_slot,writer-placement,XRayPlacementTests.Writer_matches_python_container_and_raw_bytes,P2,exists_in_csharp,edit_placement
stalker-cs,write_item_upgrades,test_xray_upgrades.py::test_xray_upgrade_writer_supports_add_remove_clear_and_preserves_state_tail,synthetic-cs-upgrades,XRayUpgradeWriterTests.Upgrade_write_matches_python_container_and_unpacked_bytes,P2,exists_in_csharp,edit_upgrades
stalker-cs,write_money,test_xray_save.py::test_xray_prepare_edits_money_and_ammo_in_both_serialized_states,writer-money/xray-money-cs-source.sav,XRayMoneyWriterTests.Money_write_matches_python_container_and_unpacked_bytes,P3,exists_in_csharp,edit_money
stalker-cs,write_player_faction,test_xray_player_faction.py::test_xray_player_faction_writer_patches_only_signed_community_field,writer-factions/cs-player-faction.sav,XRayFactionWriterTests.Player_faction_write_matches_python_bytes,P3,exists_in_csharp,edit_player_faction
stalker-cs-ee,codec_lzo1x_round_trip,test_xray_container.py::test_lzo1x_round_trip,xray-clear-sky-ee.sav,CodecFixtureTests.Lzo1x_matches_python_bytes_for_every_xray_fixture,P3,exists_in_csharp,codec
stalker-cs-ee,container_parse_chunks,test_xray_container.py::test_xray_container_build_without_edits_is_byte_identical,xray-clear-sky-ee.sav,XRayContainerTests.Parses_python_xray_fixtures_and_matches_oracle_json,P3,exists_in_csharp,container
stalker-cs-ee,delete_item,test_xray_delete.py::test_delete_analysis_allows_a_leaf_inventory_object,writer-delete/xray-delete-cs-ee-source.sav,XRayDeleteWriterTests.Delete_write_matches_python_container_and_unpacked_bytes,P3,exists_in_csharp,remove_items
stalker-cs-ee,detect_format,test_xray_save.py::test_enhanced_edition_saves_are_detected_by_content_and_edit_as_experimental,xray-clear-sky-ee.sav,XRayEnhancedReaderTests.Classifies_each_enhanced_game_and_matches_python_golden,P3,exists_in_csharp,format_detection
stalker-cs-ee,distinguish_cs_ee_from_cop_ee_markers,test_xray_save.py::test_clear_sky_ee_and_call_of_pripyat_ee_are_told_apart_by_level_names,xray-clear-sky-ee.sav,XRayEnhancedReaderTests.Rejects_clear_sky_enhanced_object_chunk_with_both_level_markers,P3,exists_in_csharp,format_detection
stalker-cs-ee,read_actor_money_and_inventory,test_xray_save.py::test_enhanced_edition_saves_are_detected_by_content_and_edit_as_experimental,xray-clear-sky-ee.sav,XRayEnhancedReaderTests.Classifies_each_enhanced_game_and_matches_python_golden,P3,exists_in_csharp,read_inventory
stalker-cs-ee,read_faction_relations,test_xray_relations.py::test_relation_parser_stops_at_second_map_and_preserves_tail,writer-factions/cs-ee-source.sav,XRayFactionWriterTests.Reads_player_community_and_actor_goodwill_from_registry,P3,exists_in_csharp,read_inventory
stalker-cs-ee,read_item_durability,test_xray_durability.py::test_xray_reads_condition_for_original_release_targets,writer-durability,StalkerSaveEditor.Core.Tests.Formats.XRay.XRayDurabilityTests.Reads_python_durability_vectors,P2,exists_in_csharp,equipment.durability
stalker-cs-ee,read_item_placement,test_xray_placement.py::test_xray_reads_release_specific_inventory_place,writer-placement,XRayPlacementTests.Reader_matches_python_placement_vectors,P2,exists_in_csharp,equipment.placement
stalker-cs-ee,read_item_upgrades,test_xray_upgrades.py::test_xray_reads_equipment_upgrade_vector_and_exposes_editable_item,synthetic-cs-ee-upgrades,XRayUpgradeWriterTests.Reads_upgrade_vectors_for_clear_sky_and_call_of_pripyat,P2,exists_in_csharp,equipment.upgrades
stalker-cs-ee,read_player_faction,test_xray_player_faction.py::test_xray_reads_player_community_from_actor_state,writer-factions/cs-ee-source.sav,XRayFactionWriterTests.Reads_player_community_and_actor_goodwill_from_registry,P3,exists_in_csharp,read_inventory
stalker-cs-ee,write_ammo_stack,test_xray_save.py::test_enhanced_edition_saves_are_detected_by_content_and_edit_as_experimental,writer-stacks/xray-stack-cs-ee-source.sav,XRayStackWriterTests.Stack_write_matches_python_container_and_unpacked_bytes,P3,exists_in_csharp,edit_stacks
stalker-cs-ee,write_faction_relations,test_xray_relations.py::test_xray_relation_edit_patches_actor_row_only,writer-factions/cs-ee-source.sav,XRayFactionWriterTests.Refuses_unknown_faction_keys_and_enhanced_writer_capabilities,P3,unsupported_by_python_registry,edit_relations
stalker-cs-ee,write_item_durability,test_xray_durability.py::test_xray_prepare_patches_state_and_matching_update_condition,writer-durability,StalkerSaveEditor.Core.Tests.Editing.XRayDurabilityWriterTests.Durability_write_matches_python_container_and_unpacked_bytes,P2,exists_in_csharp,edit_durability
stalker-cs-ee,write_item_placement,test_xray_prepare_moves_item_to_equipment_slot,writer-placement,XRayPlacementTests.Writer_rejects_unsupported_enhanced_placement,P2,exists_in_csharp,edit_placement
stalker-cs-ee,write_item_upgrades,test_xray_upgrades.py::test_xray_upgrade_writer_supports_add_remove_clear_and_preserves_state_tail,synthetic-cs-ee-upgrades,XRayUpgradeWriterTests.Upgrade_write_matches_python_container_and_unpacked_bytes,P2,exists_in_csharp,edit_upgrades
stalker-cs-ee,write_money,test_xray_save.py::test_enhanced_edition_saves_are_detected_by_content_and_edit_as_experimental,writer-money/xray-money-cs-ee-source.sav,XRayMoneyWriterTests.Money_write_matches_python_container_and_unpacked_bytes,P3,exists_in_csharp,edit_money
stalker-cs-ee,write_player_faction,test_xray_player_faction.py::test_xray_player_faction_writer_patches_only_signed_community_field,writer-factions/cs-ee-source.sav,XRayFactionWriterTests.Refuses_unknown_faction_keys_and_enhanced_writer_capabilities,P3,unsupported_by_python_registry,edit_player_faction
stalker-soc,codec_lzo1x_round_trip,test_xray_container.py::test_lzo1x_round_trip,xray-soc.sav,CodecFixtureTests.Lzo1x_matches_python_bytes_for_every_xray_fixture,P3,exists_in_csharp,codec
stalker-soc,container_parse_chunks,test_xray_container.py::test_xray_container_build_without_edits_is_byte_identical,xray-soc.sav,XRayContainerTests.Parses_python_xray_fixtures_and_matches_oracle_json,P3,exists_in_csharp,container
stalker-soc,delete_item,test_xray_delete.py::test_delete_analysis_allows_a_leaf_inventory_object,writer-delete/xray-delete-soc-source.sav,XRayDeleteWriterTests.Delete_write_matches_python_container_and_unpacked_bytes,P3,exists_in_csharp,remove_items
stalker-soc,detect_format,test_formats.py::test_registry_detects_each_original_xray_family,xray-soc.sav,XRayTrilogyReaderTests.Reads_actor_and_inventory_with_python_golden_parity,P3,exists_in_csharp,format_detection
stalker-soc,read_actor_money_and_inventory,test_xray_save.py::test_xray_parser_reads_actor_money_and_confirmed_ammo_stack,xray-soc.sav,XRayTrilogyReaderTests.Reads_actor_and_inventory_with_python_golden_parity,P3,exists_in_csharp,read_inventory
stalker-soc,read_faction_relations,tools/generate_xray_faction_fixtures.py::parse_xray,writer-factions/soc-source.sav,XRayFactionWriterTests.Reads_player_community_and_actor_goodwill_from_registry,P3,exists_in_csharp,read_inventory
stalker-soc,read_item_durability,test_xray_durability.py::test_xray_reads_condition_for_original_release_targets,writer-durability,StalkerSaveEditor.Core.Tests.Formats.XRay.XRayDurabilityTests.Reads_python_durability_vectors,P2,exists_in_csharp,equipment.durability
stalker-soc,read_item_placement,test_xray_placement.py::test_xray_reads_release_specific_inventory_place,writer-placement,XRayPlacementTests.Reader_matches_python_placement_vectors,P2,exists_in_csharp,equipment.placement
stalker-soc,read_level_changers,test_xray_level_changer.py::test_synthetic_level_changer_state_suffix_matches_openxray_version_118,synthetic-level-changer-soc.bin,StalkerSaveEditor.Core.Tests.Formats.XRay.XRayLevelChangerReaderTests.Reads_python_level_changer_vectors,P3,exists_in_csharp,read_inventory
stalker-soc,read_player_faction,test_xray_player_faction.py::test_xray_reads_player_community_from_actor_state,writer-factions/soc-source.sav,XRayFactionWriterTests.Reads_player_community_and_actor_goodwill_from_registry,P3,exists_in_csharp,read_inventory
stalker-soc,write_ammo_stack,test_xray_save.py::test_xray_prepare_edits_money_and_ammo_in_both_serialized_states,writer-stacks/xray-stack-soc-source.sav,XRayStackWriterTests.Stack_write_matches_python_container_and_unpacked_bytes,P3,exists_in_csharp,edit_stacks
stalker-soc,write_faction_relations,editor/xray_save.py::prepare_xray,writer-factions/soc-relations.sav,XRayFactionWriterTests.Faction_relation_write_matches_python_bytes,P3,exists_in_csharp,edit_relations
stalker-soc,write_item_durability,test_xray_prepare_patches_state_and_matching_update_condition,writer-durability,StalkerSaveEditor.Core.Tests.Editing.XRayDurabilityWriterTests.Durability_write_matches_python_container_and_unpacked_bytes,P2,exists_in_csharp,edit_durability
stalker-soc,write_item_placement,test_xray_placement.py::test_xray_prepare_moves_item_to_equipment_slot,writer-placement,XRayPlacementTests.Writer_matches_python_container_and_raw_bytes,P2,exists_in_csharp,edit_placement
stalker-soc,write_money,test_xray_save.py::test_xray_prepare_edits_money_and_ammo_in_both_serialized_states,writer-money/xray-money-soc-source.sav,XRayMoneyWriterTests.Money_write_matches_python_container_and_unpacked_bytes,P3,exists_in_csharp,edit_money
stalker-soc,write_player_faction,editor/xray_save.py::prepare_xray,writer-factions/soc-player-faction.sav,XRayFactionWriterTests.Player_faction_write_matches_python_bytes,P3,exists_in_csharp,edit_player_faction
stalker-soc-ee,codec_lzo1x_round_trip,test_xray_container.py::test_lzo1x_round_trip,xray-soc-ee.sav,CodecFixtureTests.Lzo1x_matches_python_bytes_for_every_xray_fixture,P3,exists_in_csharp,codec
stalker-soc-ee,container_parse_chunks,test_xray_container.py::test_xray_container_build_without_edits_is_byte_identical,xray-soc-ee.sav,XRayContainerTests.Parses_python_xray_fixtures_and_matches_oracle_json,P3,exists_in_csharp,container
stalker-soc-ee,delete_item,test_xray_delete.py::test_delete_analysis_allows_a_leaf_inventory_object,writer-delete/xray-delete-soc-ee-source.sav,XRayDeleteWriterTests.Delete_write_matches_python_container_and_unpacked_bytes,P3,exists_in_csharp,remove_items
stalker-soc-ee,detect_format,test_xray_save.py::test_enhanced_edition_saves_are_detected_by_content_and_edit_as_experimental,xray-soc-ee.sav,XRayEnhancedReaderTests.Classifies_each_enhanced_game_and_matches_python_golden,P3,exists_in_csharp,format_detection
stalker-soc-ee,read_actor_money_and_inventory,test_xray_save.py::test_enhanced_edition_saves_are_detected_by_content_and_edit_as_experimental,xray-soc-ee.sav,XRayEnhancedReaderTests.Classifies_each_enhanced_game_and_matches_python_golden,P3,exists_in_csharp,read_inventory
stalker-soc-ee,read_item_durability,test_xray_reads_condition_for_original_release_targets,writer-durability,StalkerSaveEditor.Core.Tests.Formats.XRay.XRayDurabilityTests.Reads_python_durability_vectors,P2,exists_in_csharp,equipment.durability
stalker-soc-ee,read_item_placement,test_xray_placement.py::test_xray_reads_release_specific_inventory_place,writer-placement,XRayPlacementTests.Reader_matches_python_placement_vectors,P2,exists_in_csharp,equipment.placement
stalker-soc-ee,write_ammo_stack,test_xray_save.py::test_enhanced_edition_saves_are_detected_by_content_and_edit_as_experimental,writer-stacks/xray-stack-soc-ee-source.sav,XRayStackWriterTests.Stack_write_matches_python_container_and_unpacked_bytes,P3,exists_in_csharp,edit_stacks
stalker-soc-ee,write_item_durability,test_xray_prepare_patches_state_and_matching_update_condition,writer-durability,StalkerSaveEditor.Core.Tests.Editing.XRayDurabilityWriterTests.Durability_write_matches_python_container_and_unpacked_bytes,P2,exists_in_csharp,edit_durability
stalker-soc-ee,write_item_placement,test_xray_placement.py::test_xray_prepare_moves_item_to_equipment_slot,writer-placement,XRayPlacementTests.Writer_rejects_unsupported_enhanced_placement,P2,exists_in_csharp,edit_placement
stalker-soc-ee,write_money,test_xray_save.py::test_enhanced_edition_saves_are_detected_by_content_and_edit_as_experimental,writer-money/xray-money-soc-ee-source.sav,XRayMoneyWriterTests.Money_write_matches_python_container_and_unpacked_bytes,P3,exists_in_csharp,edit_money
stalker2,codec_kraken_round_trip,test_codec.py::test_decompress_uses_injected_decoder,synthetic-s2.sav,CodecFixtureTests.Kraken_matches_python_bytes_and_round_trips_native_compression,P3,exists_in_csharp,codec
stalker2,detect_format,test_formats.py::test_stalker2_adapter_delegates_existing_parser_and_prepare,synthetic-s2.sav,Stalker2SaveReaderTests.Reads_python_synthetic_save_and_matches_all_reader_golden_fields,P3,exists_in_csharp,format_detection
stalker2,keep_unknown_name_keys_unresolved,test_s2_name_table.py::test_s2_item_name_table_keeps_unknown_key_unresolved,synthetic-s2.sav,Stalker2SaveReaderTests.Keeps_unknown_name_keys_unresolved_and_rejects_invalid_table_bytes,P3,exists_in_csharp,catalog
stalker2,read_actor_money_and_inventory,test_formats.py::test_stalker2_adapter_delegates_existing_parser_and_prepare,synthetic-s2.sav,Stalker2SaveReaderTests.Reads_python_synthetic_save_and_matches_all_reader_golden_fields,P3,exists_in_csharp,read_inventory
stalker2,read_armor_durability,test_s2_item_state.py::test_reads_exact_nested_s2_armor_condition_anchor,writer-s2-equipment,StalkerSaveEditor.Core.Tests.Editing.Stalker2DurabilityWriterTests.Reads_s2_equipment_state_from_python_vectors,P2,exists_in_csharp,equipment.durability
stalker2,read_save_local_name_table,test_s2_name_table.py::test_s2_item_name_table_resolves_save_local_type_key,synthetic-s2.sav,Stalker2SaveReaderTests.Resolves_chained_save_local_name_tables_without_treating_keys_as_sids,P3,exists_in_csharp,catalog
stalker2,read_stash_layout,test_s2_stash.py::test_stash_is_parsed_after_the_player_arrays,synthetic-s2-stash.raw,Stalker2SaveReaderTests.Reads_stash_layout_from_the_python_synthetic_fixture,P3,exists_in_csharp,read_inventory
stalker2,read_weapon_durability,test_s2_item_state.py::test_reads_s2_weapon_condition_and_separates_modules_from_upgrades,writer-s2-equipment,StalkerSaveEditor.Core.Tests.Editing.Stalker2DurabilityWriterTests.Reads_s2_equipment_state_from_python_vectors,P2,exists_in_csharp,equipment.durability
stalker2,read_weapon_modules_and_upgrades,test_s2_equipment_inventory.py::test_s2_grid_weapon_exposes_condition_modules_and_upgrades,writer-s2-equipment,StalkerSaveEditor.Core.Tests.Editing.Stalker2DurabilityWriterTests.Reads_s2_equipment_state_from_python_vectors,P2,exists_in_csharp,equipment.upgrades
stalker2,reject_missing_stash_headers,test_s2_stash.py::test_a_save_without_a_stash_is_refused,synthetic-s2.sav,Stalker2SaveReaderTests.Refuses_missing_or_ambiguous_stash_headers_and_truncated_arrays,P3,exists_in_csharp,read_inventory
stalker2,reject_original_and_enhanced_containers,test_format_detection.py::test_negative_inputs_are_not_detected,xray-soc.sav,Stalker2SaveReaderTests.Rejects_original_enhanced_and_garbage_containers,P3,exists_in_csharp,format_detection
stalker2,reject_suspicious_inventory_counts,test_format_detection.py::test_negative_inputs_are_not_detected,synthetic-s2.sav,Stalker2SaveReaderTests.Rejects_suspicious_inventory_counts_before_reading_arrays,P3,exists_in_csharp,read_inventory
stalker2,transfer_stash_item_to_inventory,test_s2_stash.py::test_transfer_moves_the_item_like_the_game,writer-s2-stash,StalkerSaveEditor.Core.Tests.Editing.Stalker2StashWriterTests.Stash_to_player_raw_bytes_match_python_oracle,P1,exists_in_csharp,move_items
stalker2,validate_crc_and_wallet_anchor,test_format_detection.py::test_negative_inputs_are_not_detected,synthetic-s2.sav,Stalker2SaveReaderTests.Rejects_bad_crc_and_non_unique_wallet_anchor,P3,exists_in_csharp,read_inventory
stalker2,write_ammo_stack,test_save_baseline.py::test_stack_patch_updates_count_and_cached_total_weight_only,writer-s2-stacks,StalkerSaveEditor.Core.Tests.Editing.Stalker2StackWriterTests.Stack_write_matches_python_container_and_unpacked_bytes,P1,exists_in_csharp,edit_stacks
stalker2,write_armor_durability,test_s2_durability.py::test_s2_prepare_edit_round_trips_armor_condition_and_only_changes_f32,writer-s2-equipment,StalkerSaveEditor.Core.Tests.Editing.Stalker2DurabilityWriterTests.Condition_write_matches_python_container_and_unpacked_bytes,P2,exists_in_csharp,edit_durability
stalker2,write_money,test_formats.py::test_stalker2_adapter_delegates_existing_parser_and_prepare,writer-s2-money,StalkerSaveEditor.Core.Tests.Editing.Stalker2MoneyWriterTests.Money_write_matches_python_container_and_unpacked_bytes,P1,exists_in_csharp,edit_money
stalker2,write_weapon_durability,test_s2_durability.py::test_s2_prepare_edit_round_trips_grid_weapon_condition_without_touching_modules,writer-s2-equipment,StalkerSaveEditor.Core.Tests.Editing.Stalker2DurabilityWriterTests.Condition_write_matches_python_container_and_unpacked_bytes,P2,exists_in_csharp,edit_durability
shared,draft_import_python_schema_v1,test_drafts.py::test_saved_draft_survives_store_recreation_without_persisting_source_locator,drafts/python-v1-draft.json,DraftStoreTests.Loads_python_schema_one_draft_without_persisting_a_source_locator,P3,exists_in_csharp,drafts
shared,draft_source_sha_and_unmapped_legacy_guard,test_drafts.py::test_draft_for_old_save_sha_is_not_loaded_for_changed_save,drafts/python-v1-draft.json,DraftStoreTests.Does_not_load_a_draft_for_a_different_source_sha_and_Preserves_unmapped_legacy_edits_and_rejects_an_invalid_schema_version,P3,exists_in_csharp,drafts
shared,draft_undo_redo_branch_and_persistence,test_ui_apply.py::test_draft_recovers_after_window_restart_and_ctrl_z_redoes_plan_steps,synthetic-edit-plan,DraftStoreTests.Saves_roundtrips_history_and_supports_undo_redo_and_branching,P3,exists_in_csharp,drafts
